{"investment_plan": {"AAPL": 0.0, "NVDA": 1.1657341758564144e-10, "GOOGL": 299999.99999999994, "TSLA": 0.0}, "expected_return": 1.1828291819337493, "individual_returns": {"AAPL": 0.0, "NVDA": 4.596214671934854e-16, "GOOGL": 0.41906601713876895, "TSLA": -0.0}, "individual_profits": {"AAPL": 0.0, "NVDA": 5.357964522647137e-26, "GOOGL": 125719.80514163066, "TSLA": -0.0}}